Id,Predicted
0,174.80594
1,408.47467
2,57.533398
3,826.5141
4,461.83038
5,237.4873
6,117.18209
7,400.1452
8,283.97974
9,6.227835
10,207.40186
11,444.2096
12,113.612175
13,239.16866
14,296.4715
15,436.6311
16,198.53099
17,286.05228
18,183.43517
19,24.5316
20,109.79929
21,209.05199
22,447.1996
23,202.27434
24,807.8962
25,492.79028
26,326.78574
27,328.30664
28,392.8392
29,7.040505
30,579.1662
31,3.0341208
32,32.484207
33,243.47223
34,154.21854
35,7.869896
36,6.8748903
37,118.25398
38,135.22572
39,111.15023
40,180.20412
41,280.78583
42,299.56598
43,3.9103777
44,361.6219
45,550.5567
46,451.43127
47,268.25485
48,142.80228
49,199.4429
50,2.6336834
51,353.85928
52,116.93634
53,8.309708
54,4.4973793
55,287.2232
56,1.8772573
57,4.6337423
58,289.89014
59,237.89624
60,61.158154
61,133.27502
62,67.06334
63,2.18533
64,301.05267
65,7.194399
66,178.72636
67,101.96666
68,4.212999
69,190.34427
70,434.07
71,5.8645873
72,339.7496
73,334.05026
74,309.3227
75,290.82748
76,60.132042
77,169.46066
78,110.71004
79,68.37817
80,46.299152
81,38.00584
82,388.1194
83,422.16342
84,6.5216513
85,144.41557
86,192.9581
87,374.95148
88,86.55561
89,277.29797
90,773.35364
91,328.15863
92,316.6545
93,29.737976
94,68.80849
95,510.10226
96,340.9659
97,13.322348
98,90.933426
99,313.7938
100,144.89246
101,103.88043
102,27.468243
103,4.201918
104,8.311034
105,188.48203
106,155.10374
107,6.240736
108,74.89783
109,2.0434134
110,47.090385
111,47.343338
112,5.1599684
113,3.5052583
114,94.370804
115,238.44113
116,297.98776
117,394.51218
118,502.6766
119,12.545434
120,9.440242
121,279.7193
122,681.90485
123,126.3741
124,261.398
125,82.647545
126,254.28835
127,11.023623
128,655.53375
129,115.88692
130,761.72614
131,2.6917684
132,43.114132
133,6.158857
134,170.91217
135,207.9452
136,68.886856
137,198.46895
138,248.37498
139,446.29596
140,101.341225
141,246.83797
142,106.15716
143,142.94583
144,392.19568
145,21.415575
146,35.49626
147,46.425415
148,209.2565
149,129.52478
150,5.3509636
151,305.6285
152,57.940517
153,35.562943
154,444.015
155,429.46805
156,82.26018
157,22.341604
158,6.1334023
159,43.257538
160,401.99103
161,337.0668
162,11.653096
163,186.69936
164,34.048462
165,215.40125
166,229.14293
167,154.56596
168,88.89832
169,206.23106
170,178.96086
171,22.509457
172,75.78138
173,185.42465
174,155.76643
175,13.936237
176,311.2451
177,9.631597
178,179.14766
179,300.46024
180,5.540435
181,85.798386
182,172.28238
183,164.08673
184,152.65045
185,131.5161
186,16.481264
187,10.234451
188,282.389
189,55.239697
190,28.418182
191,38.994102
192,100.47269
193,153.12709
194,78.4144
195,390.87097
196,134.99055
197,347.1069
198,17.211737
199,279.69455
200,253.33415
201,35.13436
202,94.24462
203,96.58106
204,12.398434
205,283.49734
206,76.841194
207,474.53024
208,71.63549
209,451.96423
210,108.63993
211,325.8699
212,304.24158
213,309.97855
214,469.91843
215,179.36792
216,106.79205
217,65.567924
218,437.61844
219,171.92972
220,202.3268
221,294.47845
222,133.9438
223,306.0168
224,33.652718
225,26.515669
226,598.1581
227,1.6944575
228,374.76816
229,3.1797106
230,425.05753
231,236.64058
232,12.92511
233,143.76051
234,256.26804
235,173.77112
236,155.5402
237,5.8043146
238,216.95811
239,6.4607234
240,16.822483
241,286.68875
242,17.130556
243,112.73961
244,271.68204
245,696.1104
246,262.31042
247,113.175934
248,119.339195
249,469.2215
250,484.57404
251,153.11111
252,21.4745
253,126.34169
254,219.93091
255,179.57578
256,282.63638
257,388.03726
258,631.5696
259,66.09765
260,185.49886
261,5.4256115
262,361.10822
263,293.0277
264,174.76074
265,195.6642
266,528.56433
267,273.19153
268,152.66359
269,552.31396
270,5.580622
271,361.07883
272,455.5333
273,77.7948
274,236.45563
275,164.27737
276,478.83188
277,161.58472
278,430.11093
279,136.09087
280,161.44252
281,131.5495
282,322.34702
283,40.222862
284,10.946684
285,249.02301
286,163.57816
287,551.18256
288,510.6964
289,198.2119
290,154.55888
291,402.61502
292,450.6648
293,410.2465
294,150.98083
295,172.06766
296,184.56984
297,244.4248
298,315.06406
299,200.23433
300,298.93143
301,92.334404
302,113.989624
303,216.0515
304,405.37186
305,128.5012
306,107.493416
307,306.0952
308,453.5817
309,261.61307
310,78.6604
311,5.3499475
312,122.52425
313,76.16004
314,5.9839687
315,12.450958
316,80.36477
317,459.9871
318,24.253387
319,52.79151
320,322.12115
321,137.43483
322,16.625109
323,7.0927253
324,363.51282
325,302.75702
326,125.93059
327,62.456924
328,120.91077
329,292.06302
330,202.10873
331,7.535529
332,299.378
333,61.31825
334,425.9541
335,258.86804
336,477.92078
337,11.184715
338,343.60266
339,85.679436
340,3.7589786
341,223.62926
342,337.2584
343,18.683151
344,498.97256
345,37.833263
346,3.7791946
347,105.3333
348,199.49454
349,82.95475
350,206.61263
351,19.918062
352,2.1739187
353,127.90366
354,747.88837
355,437.73376
356,438.7712
357,329.86047
358,260.44452
359,101.398575
360,469.20267
361,298.4627
362,82.46687
363,281.352
364,143.67763
365,158.06563
366,4.0706434
367,498.69305
368,1.7734883
369,442.33078
370,196.30273
371,92.22165
372,227.15416
373,765.4359
374,188.91426
375,76.86737
376,712.7422
377,6.6925483
378,62.09291
379,379.287
380,8.571362
381,355.51956
382,90.198456
383,6.155261
384,54.910866
385,24.798843
386,150.53278
387,124.06483
388,269.27625
389,371.82916
390,34.34194
391,42.58778
392,69.06067
393,209.01485
394,123.564255
395,254.54395
396,24.881664
397,302.53134
398,5.8920484
399,284.35495
400,405.5169
401,136.35776
402,669.3543
403,348.9502
404,158.9847
405,5.581337
406,198.07855
407,71.34645
408,102.4227
409,296.58084
410,23.147066
411,8.033701
412,8.80355
413,162.64734
414,55.99327
415,4.1781588
416,176.38684
417,80.908485
418,76.141525
419,149.564
420,161.7369
421,195.03354
422,18.482725
423,52.440727
424,160.3072
425,185.44246
426,37.079273
427,184.31088
428,135.75078
429,199.78137
430,292.18445
431,339.3803
432,343.33435
433,243.11577
434,89.90335
435,3.6280534
436,337.91467
437,84.50347
438,393.65228
439,426.20264
440,53.297615
441,13.23782
442,135.08578
443,2.811712
444,293.16702
445,125.20343
446,394.65872
447,246.20886
448,168.72917
449,4.2409663
450,312.4606
451,6.897227
452,55.294193
453,95.24469
454,7.7641325
455,2.9467084
456,9.1058855
457,431.66104
458,75.259224
459,44.880215
460,298.061
461,3.7246811
462,274.8918
463,15.110796
464,8.718053
465,318.8406
466,199.29967
467,156.48369
468,188.96721
469,128.00081
470,192.65201
471,257.45575
472,199.72795
473,97.2074
474,163.68842
475,519.9373
476,111.69083
477,325.9393
478,7.6347337
479,61.17313
480,114.66117
481,85.96654
482,2.3664293
483,270.82233
484,88.34073
485,654.2376
486,88.34223
487,21.11053
488,5.622387
489,232.3733
490,419.88705
491,294.4344
492,194.30267
493,174.7439
494,215.23457
495,155.95526
496,81.90956
497,574.224
498,87.92125
499,6.5026016
500,3.3861396
501,59.920937
502,150.32555
503,185.88406
504,20.565468
505,81.900185
506,13.010526
507,2.2257974
508,132.18103
509,144.61427
510,13.710288
511,52.00348
512,176.44946
513,222.27527
514,22.96551
515,119.5211
516,629.2708
517,50.06151
518,127.153336
519,526.29297
520,347.50854
521,3.4787734
522,202.55106
523,326.958
524,5.839845
525,452.8354
526,2.8439562
527,465.5538
528,46.09243
529,27.472534
530,95.07243
531,3.80816
532,112.91264
533,261.9293
534,443.8938
535,234.18597
536,166.1769
537,395.66513
538,429.08438
539,74.68363
540,234.40964
541,648.66943
542,156.98996
543,249.4918
544,269.53583
545,161.92064
546,184.25047
547,138.92438
548,221.77211
549,297.75797
550,9.193097
551,534.8954
552,85.2118
553,556.78876
554,111.77401
555,299.61996
556,253.58736
557,6.5661874
558,3.4492383
559,314.9169
560,199.42465
561,5.696325
562,3.039502
563,84.18808
564,478.9866
565,5.437181
566,216.99713
567,34.613594
568,73.565834
569,101.597534
570,142.5468
571,215.22005
572,578.46716
573,116.22009
574,352.08612
575,221.7529
576,177.26027
577,278.53848
578,174.85487
579,106.50582
580,255.63536
581,378.03278
582,825.26044
583,431.20084
584,146.00792
585,441.90625
586,1.6716669
587,181.31041
588,9.868582
589,109.03947
590,443.29996
591,60.563755
592,167.08046
593,594.8013
594,376.5347
595,212.6906
596,125.14931
597,164.95898
598,631.28033
599,102.66144
600,7.4939547
601,363.29327
602,65.40111
603,77.9503
604,9.559686
605,105.596794
606,214.87476
607,23.972076
608,157.11302
609,335.51514
610,19.613764
611,282.9316
612,663.2529
613,3.7824388
614,60.444424
615,769.1899
616,18.606367
617,97.28984
618,5.0099816
619,149.48369
620,253.97392
621,6.742614
622,260.30527
623,37.15569
624,665.99927
625,169.85388
626,173.20404
627,174.81691
628,53.64587
629,92.451805
630,477.35098
631,8.684963
632,175.81999
633,343.72034
634,5.871381
635,525.92725
636,111.699776
637,372.50546
638,605.5083
639,37.563953
640,103.115105
641,160.58876
642,245.49219
643,277.40915
644,6.402237
645,461.52072
646,302.19403
647,27.065903
648,62.386387
649,246.79428
650,862.95575
651,154.11635
652,656.3973
653,42.76484
654,278.94055
655,154.73747
656,100.667725
657,23.19336
658,471.6062
659,114.271126
660,220.48235
661,299.57013
662,117.456184
663,249.57591
664,19.999184
665,226.8048
666,576.0336
667,68.28667
668,48.002716
669,315.513
670,476.05115
671,650.95276
672,207.36562
673,339.14914
674,193.2786
675,33.12483
676,211.37125
677,174.68985
678,514.9912
679,387.20148
680,21.567318
681,222.62001
682,101.18793
683,5.738458
684,421.397
685,13.896748
686,785.1076
687,49.615498
688,43.914474
689,626.2695
690,5.5563188
691,437.80725
692,658.1327
693,399.69464
694,293.84323
695,198.79509
696,532.3172
697,461.55118
698,247.64131
699,584.3478
700,387.06668
701,522.9149
702,720.17395
703,400.1177
704,6.946357
705,10.902115
706,204.83717
707,289.1427
708,187.07814
709,98.28928
710,5.3322134
711,387.8259
712,3.8141882
713,658.6979
714,304.9066
715,14.310057
716,46.516987
717,2.8886228
718,143.26712
719,82.02375
720,54.21566
721,347.5966
722,179.92215
723,105.49089
724,60.319004
725,12.883037
726,182.40657
727,486.16562
728,621.921
729,22.392569
730,112.304115
731,68.33491
732,266.6217
733,144.68102
734,219.62903
735,1.8122814
736,234.85704
737,144.50305
738,3.351443
739,342.48203
740,592.2891
741,30.332226
742,77.618576
743,398.87158
744,158.24812
745,16.573568
746,55.69891
747,35.39624
748,20.83521
749,4.381351
750,201.01297
751,756.7726
752,557.65857
753,23.161192
754,372.4797
755,191.82658
756,294.77518
757,50.451866
758,219.08173
759,5.3625565
760,105.24025
761,149.72101
762,262.65924
763,549.07825
764,202.79488
765,47.496494
766,8.23051
767,209.44812
768,1.797257
769,71.880974
770,170.5109
771,30.542171
772,445.98618
773,100.32703
774,524.47516
775,113.955475
776,40.289936
777,15.277482
778,3.2879999
779,98.252686
780,331.94894
781,117.429756
782,129.42052
783,544.9883
784,152.6724
785,152.55061
786,404.07858
787,142.12207
788,578.88855
789,85.7127
790,26.714682
791,112.57447
792,60.477615
793,8.072396
794,112.240875
795,130.05591
796,114.64222
797,174.9104
798,38.914425
799,854.58795
800,87.15923
801,87.832405
802,225.35603
803,254.54335
804,5.591433
805,215.67746
806,13.324304
807,229.49045
808,107.24233
809,231.95091
810,316.402
811,726.681
812,133.42567
813,17.293
814,370.21555
815,5.5950904
816,193.37712
817,254.27895
818,227.6898
819,31.955843
820,77.740364
821,346.62885
822,315.02756
823,60.481155
824,41.495777
825,165.87027
826,325.21936
827,91.08552
828,67.480644
829,75.1472
830,17.016996
831,3.5670998
832,374.8018
833,339.74454
834,163.69159
835,251.49577
836,133.26166
837,56.9161
838,363.8147
839,411.6994
840,70.26636
841,148.01466
842,330.3922
843,131.99304
844,73.82728
845,68.02455
846,406.3239
847,289.594
848,311.1787
849,814.6135
850,38.221325
851,301.0647
852,203.15614
853,362.22098
854,329.96326
855,132.95123
856,36.380047
857,22.733671
858,322.62082
859,710.57825
860,145.70012
861,231.84077
862,41.230705
863,55.819332
864,575.5913
865,365.43488
866,180.74031
867,7.386429
868,57.33777
869,43.099716
870,69.47851
871,242.13385
872,99.363174
873,137.14185
874,220.59805
875,228.00221
876,24.13883
877,262.76172
878,741.99756
879,16.517221
880,263.2619
881,59.465027
882,166.68762
883,374.7478
884,60.98335
885,495.6643
886,8.057863
887,373.42758
888,158.86928
889,222.18141
890,423.35095
891,441.14944
892,177.48592
893,299.6447
894,201.7898
895,469.6077
896,97.5366
897,88.6101
898,70.0539
899,41.141685
900,201.01962
901,118.48558
902,571.65967
903,187.12735
904,9.51253
905,210.70401
906,4.3842797
907,336.6241
908,33.50951
909,430.7319
910,3.9111576
911,105.57789
912,131.0439
913,145.80695
914,181.74037
915,671.6162
916,117.79005
917,126.29101
918,123.19891
919,205.4873
920,35.306393
921,171.50093
922,529.5409
923,227.69139
924,605.26984
925,22.533363
926,56.3487
927,285.94345
928,870.5273
929,448.94833
930,73.48445
931,85.15977
932,198.88966
933,185.26695
934,195.28474
935,162.21219
936,17.124483
937,19.469318
938,5.9353986
939,29.300076
940,69.19087
941,149.626
942,164.71303
943,795.8386
944,23.104202
945,5.064788
946,223.03697
947,34.470226
948,317.50647
949,188.45209
950,14.858475
951,5.212646
952,25.875303
953,298.3229
954,6.4987965
955,329.9567
956,82.512856
957,55.677574
958,121.885414
959,5.434694
960,2.5522134
961,355.9476
962,528.37994
963,292.41132
964,5.1200676
965,31.06123
966,112.86313
967,580.7109
968,305.67133
969,270.47385
970,293.45352
971,77.084435
972,21.982788
973,17.051037
974,158.06873
975,227.58095
976,175.62834
977,163.62323
978,39.155064
979,325.39526
980,121.21223
981,171.48047
982,431.48584
983,491.87546
984,310.8695
985,607.70435
986,221.87993
987,31.54308
988,593.0347
989,541.37634
990,213.75183
991,295.55862
992,70.388214
993,85.74678
994,458.29553
995,6.5476127
996,257.56622
997,145.60143
998,251.05656
999,6.7557106
1000,340.58948
1001,518.4899
1002,121.678955
1003,556.12976
1004,427.74265
1005,9.624709
1006,110.89066
1007,65.900604
1008,15.321624
1009,213.3861
1010,176.33305
1011,8.48499
1012,193.65096
1013,180.57632
1014,326.0644
1015,242.45724
1016,584.26715
1017,79.58871
1018,9.690868
1019,429.4907
1020,9.200932
1021,5.3259034
1022,172.73376
1023,14.037326
1024,502.67407
1025,196.43275
1026,25.708727
1027,95.93786
1028,495.96948
1029,22.494274
1030,125.03467
1031,85.59972
1032,432.30276
1033,106.41687
1034,310.815
1035,151.13469
1036,300.64612
1037,73.22714
1038,240.45003
1039,160.92342
1040,14.879645
1041,7.7253013
1042,145.6186
1043,15.275163
1044,464.1417
1045,156.43744
1046,214.5167
1047,72.24624
1048,207.06203
1049,100.68426
1050,278.3987
1051,647.6067
1052,590.2808
1053,6.8079705
1054,113.038536
1055,2.88977
1056,15.255824
1057,810.38434
1058,254.2796
1059,3.6540906
1060,69.71243
1061,123.85875
1062,4.7703295
1063,181.80295
1064,43.13838
1065,733.6619
1066,101.43858
1067,4.124362
1068,146.70955
1069,22.07209
1070,148.71323
1071,362.58145
1072,732.1713
1073,249.36255
1074,59.91913
1075,113.46833
1076,6.1834865
1077,71.82302
1078,31.23747
1079,122.52405
1080,178.12662
1081,2.5261672
1082,17.832523
1083,153.2608
1084,32.67049
1085,270.05994
1086,114.07855
1087,350.3333
1088,32.582092
1089,440.32132
1090,266.28165
1091,116.6792
1092,28.514603
1093,75.87117
1094,11.511145
1095,496.3599
1096,297.78308
1097,144.39746
1098,5.8225493
1099,237.33301
1100,172.6834
1101,163.70592
1102,168.3928
1103,419.7557
1104,552.0137
1105,290.266
1106,360.21817
1107,343.70972
1108,453.83456
1109,221.4725
1110,258.31888
1111,6.5544877
1112,92.56345
1113,46.8484
1114,12.999941
1115,136.89932
1116,25.801817
1117,77.75293
1118,258.04498
1119,8.214166
1120,5.3523407
1121,53.17234
1122,13.737286
1123,7.218966
1124,214.05058
1125,138.28638
1126,56.451668
1127,377.2891
1128,201.67346
1129,347.53018
1130,32.01876
1131,175.38078
1132,84.51205
1133,322.0708
1134,45.87645
1135,343.82208
1136,153.16766
1137,5.7436743
1138,98.39157
1139,62.984528
1140,129.21979
1141,379.74252
1142,408.29312
1143,78.448524
1144,109.223114
1145,95.10111
1146,4.1077824
1147,7.0301065
1148,375.9593
1149,6.2223973
1150,134.00348
1151,18.946516
1152,152.24294
1153,174.46222
1154,337.60193
1155,195.2963
1156,22.991373
1157,218.78528
1158,36.310635
1159,170.26762
1160,29.708466
1161,250.16655
1162,62.596653
1163,245.15584
1164,774.46265
1165,3.3318477
1166,22.138866
1167,43.26936
1168,50.53404
1169,8.482116
1170,41.767582
1171,456.66275
1172,305.50653
1173,508.531
1174,155.14561
1175,57.429478
1176,62.13534
1177,56.58295
1178,167.03749
1179,322.04208
1180,439.75824
1181,15.74579
1182,306.29572
1183,48.133575
1184,68.58715
1185,611.6562
1186,189.4649
1187,158.1109
1188,196.03123
1189,261.78006
1190,302.96167
1191,443.77747
1192,496.7589
1193,356.28854
1194,141.81836
1195,3.717117
1196,70.87486
1197,30.603394
1198,13.404173
1199,235.61964
1200,4.4426866
1201,116.36594
1202,589.2601
1203,429.30234
1204,319.7385
1205,226.70525
1206,402.58582
1207,280.73804
1208,3.3666794
1209,7.95192
1210,51.028748
1211,166.09152
1212,167.99303
1213,87.9663
1214,194.85846
1215,610.1634
1216,393.05566
1217,188.86517
1218,463.4342
1219,280.05783
1220,351.35107
1221,550.87476
1222,3.8616424
1223,200.8595
1224,222.53883
1225,25.520603
1226,2.7375615
1227,8.079933
1228,172.0897
1229,117.65601
1230,38.25758
1231,322.93103
1232,374.29105
1233,73.29172
1234,92.471375
1235,29.165945
1236,232.2427
1237,4.8709073
1238,125.0056
1239,6.6430693
1240,6.139117
1241,486.0714
1242,7.201343
1243,18.022648
1244,62.218327
1245,93.71089
1246,136.79425
1247,7.1650214
1248,311.67804
1249,372.6005
1250,34.52369
1251,403.13998
1252,27.257538
1253,548.0926
1254,6.914893
1255,83.82782
1256,30.190464
1257,37.341934
1258,277.70566
1259,612.5792
1260,269.39908
1261,62.486126
1262,168.55437
1263,22.612108
1264,23.506796
1265,77.59889
1266,245.54248
1267,677.11914
1268,14.627264
1269,81.01516
1270,268.59183
1271,182.2477
1272,8.31312
1273,827.05646
1274,39.009922
1275,402.24625
1276,345.70447
1277,48.28506
1278,112.91529
1279,256.63666
1280,116.645966
1281,291.81595
1282,3.5827518
1283,24.696136
1284,21.194916
1285,23.954302
1286,170.08055
1287,234.10092
1288,536.58795
1289,209.14406
1290,7.1305747
1291,281.77
1292,350.68503
1293,16.190762
1294,112.80429
1295,12.731379
1296,232.66193
1297,79.160995
1298,224.86186
1299,15.848439
1300,304.3919
1301,160.62808
1302,672.9808
1303,581.4154
1304,40.31947
1305,512.7929
1306,188.09384
1307,6.78938
1308,235.2394
1309,195.42848
1310,7.3283854
1311,72.06195
1312,135.0659
1313,206.66249
1314,23.591635
1315,667.11523
1316,4.3248925
1317,129.27046
1318,37.86384
1319,195.38567
1320,221.27003
1321,234.19894
1322,73.96531
1323,97.30297
1324,226.90578
1325,198.1393
1326,130.11444
1327,2.94636
1328,4.57938
1329,111.710434
1330,469.7953
1331,165.57762
1332,217.67296
1333,12.048443
1334,39.115448
1335,10.925183
1336,15.165382
1337,4.4917393
1338,195.27122
1339,50.22187
1340,37.56394
1341,459.183
1342,155.69264
1343,299.63715
1344,152.63977
1345,33.925915
1346,6.0015364
1347,149.37982
1348,75.25499
1349,235.39006
1350,137.6297
1351,104.61974
1352,34.475147
1353,323.0553
1354,50.500572
1355,180.81702
1356,43.132183
1357,203.74068
1358,260.17322
1359,15.440715
1360,247.06798
1361,5.5627966
1362,173.07349
1363,165.84587
1364,61.063686
1365,209.04837
1366,10.972877
1367,98.160225
1368,6.2304945
1369,2.3426282
1370,178.5637
1371,40.281605
1372,6.4121976
1373,170.52338
1374,429.0538
1375,265.38522
1376,217.61943
1377,293.1273
1378,340.73364
1379,233.75584
1380,31.675379
1381,4.574261
1382,483.8655
1383,9.8044
1384,321.57153
1385,171.20421
1386,8.796206
1387,139.13428
1388,36.88833
1389,95.87553
1390,557.2146
1391,243.46455
1392,378.3286
1393,5.272948
1394,3.7278905
1395,224.0424
1396,7.52625
1397,90.93387
1398,32.384117
1399,4.4714437
1400,230.15857
1401,171.76035
1402,8.673578
1403,13.428418
1404,105.66076
1405,150.68643
1406,169.9321
1407,308.6489
1408,291.6923
1409,322.69235
1410,256.46277
1411,59.72371
1412,291.29465
1413,141.41191
1414,55.299805
1415,13.199174
1416,69.21382
1417,334.8761
1418,42.61501
1419,228.77141
1420,110.72069
1421,173.25708
1422,6.3819375
1423,529.21326
1424,147.49309
1425,106.726074
1426,151.11511
1427,98.914116
1428,210.86539
1429,92.704254
1430,286.3606
1431,320.13663
1432,246.14857
1433,171.66904
1434,283.68124
1435,295.78662
1436,447.80502
1437,190.24573
1438,11.141568
1439,231.785
1440,223.38092
1441,238.71538
1442,391.99423
1443,29.28473
1444,590.5137
1445,377.20566
1446,107.65899
1447,237.49112
1448,426.01294
1449,9.719701
1450,278.79242
1451,87.72584
1452,136.04552
1453,327.07733
1454,100.74106
1455,38.7045
1456,664.4781
1457,233.68207
1458,294.0255
1459,151.83582
1460,11.813597
1461,63.045547
1462,85.77236
1463,34.027412
1464,368.61877
1465,119.43286
1466,277.46835
1467,15.471347
1468,23.890614
1469,443.58203
1470,387.8259
1471,252.68193
1472,122.48767
1473,183.87057
1474,246.3907
1475,94.69223
1476,93.60533
1477,445.94058
1478,163.044
1479,377.89685
1480,63.586464
1481,376.74023
1482,133.19427
1483,146.34859
1484,708.18744
1485,333.028
1486,16.005577
1487,279.4992
1488,84.473335
1489,40.300076
1490,373.4734
1491,118.59092
1492,108.52742
1493,4.2707047
1494,603.0688
1495,197.27933
1496,399.9438
1497,190.24573
1498,267.40927
1499,43.295902
1500,101.57033
1501,2.4456437
1502,625.2432
1503,233.75516
1504,198.292
1505,379.50168
1506,409.33078
1507,12.58783
1508,46.313347
1509,44.376472
1510,10.214291
1511,17.59816
1512,160.49025
1513,383.4166
1514,7.304218
1515,136.82501
1516,203.06067
1517,103.34544
1518,164.81485
1519,481.9587
1520,34.685207
1521,696.463
1522,17.084463
1523,2.319743
1524,20.474031
1525,161.40529
1526,78.19958
1527,441.726
1528,155.6561
1529,87.11504
1530,54.383392
1531,164.17271
1532,11.811907
1533,241.68393
1534,169.41699
1535,44.697598
1536,176.99327
1537,621.2863
1538,158.40788
1539,256.19348
1540,219.67564
1541,295.3579
1542,204.86136
1543,394.8412
1544,50.413372
1545,209.71071
1546,245.01866
1547,230.42331
1548,407.2249
1549,179.54858
1550,520.4203
1551,132.1089
1552,4.7010865
1553,263.14355
1554,1.75173
1555,241.03094
1556,7.005262
1557,281.85394
1558,237.5748
1559,9.874626
1560,201.07303
1561,189.27267
1562,52.270283
1563,6.7322707
1564,500.69244
1565,463.74966
1566,396.32474
1567,256.43753
1568,174.66011
1569,3.0798576
1570,445.1535
1571,59.390854
1572,550.4146
1573,210.27275
1574,75.31213
1575,281.04507
1576,457.67288
1577,413.89905
1578,166.39865
1579,313.4127
1580,355.45734
1581,330.10907
1582,258.3943
1583,378.70557
1584,39.28059
1585,11.841383
1586,6.3720183
1587,3.6605468
1588,333.36542
1589,175.55818
1590,105.23935
1591,7.3282404
1592,686.36383
1593,294.6904
1594,395.85156
1595,264.92447
1596,308.6084
1597,43.076523
1598,104.450165
1599,295.9495
1600,12.018098
1601,317.22595
1602,191.7105
1603,25.917955
1604,219.83435
1605,288.1069
1606,129.87488
1607,15.408631
1608,69.60813
1609,214.42764
1610,158.92236
1611,309.60886
1612,266.51395
1613,185.79454
1614,190.39346
1615,24.638588
1616,5.5319176
1617,21.827377
1618,209.14024
1619,159.70844
1620,40.90257
1621,76.58512
1622,5.4636507
1623,6.8877497
1624,62.13442
1625,21.727886
1626,237.65091
1627,582.4924
1628,134.8975
1629,55.19117
1630,46.911095
1631,6.57478
1632,530.5843
1633,64.21751
1634,10.747329
1635,831.39746
1636,28.636616
1637,55.911877
1638,513.3251
1639,5.84765
1640,422.3045
1641,58.93689
1642,16.768412
1643,18.35226
1644,185.58727
1645,163.47707
1646,22.177898
1647,6.3934383
1648,296.1293
1649,8.790399
1650,7.7235436
1651,82.78608
1652,15.199043
1653,257.6897
1654,298.104
1655,112.69023
1656,328.5609
1657,362.20068
1658,13.960986
1659,177.77351
1660,197.64651
1661,126.78673
1662,82.41822
1663,155.23334
1664,87.49733
1665,94.204
1666,23.455248
1667,313.33847
1668,131.04292
1669,6.756972
1670,359.99463
1671,292.2583
1672,342.85077
1673,150.8021
1674,70.54448
1675,497.64706
1676,319.47574
1677,145.41043
1678,76.914406
1679,5.855023
1680,173.19035
1681,18.08833
1682,185.77463
1683,248.9338
1684,402.63535
1685,326.05423
1686,218.79643
1687,8.872297
1688,394.29767
1689,312.585
1690,576.3123
1691,42.192554
1692,237.83911
1693,224.2414
1694,9.965845
1695,489.1816
1696,60.081627
1697,22.451487
1698,51.09323
1699,66.00033
1700,77.09949
1701,357.46652
1702,15.916277
1703,367.43967
1704,41.97982
1705,714.11475
1706,63.933975
1707,196.34526
1708,259.0828
1709,125.95797
1710,377.4463
1711,33.003006
1712,119.27308
1713,451.01648
1714,186.15065
1715,41.871082
1716,435.36514
1717,348.21198
1718,35.845127
1719,195.9574
1720,100.27181
1721,559.05676
1722,2.4578824
1723,231.9547
1724,302.29407
1725,667.001
1726,151.15732
1727,421.81345
1728,350.6754
1729,97.947556
1730,700.2015
1731,629.53687
1732,350.0586
1733,137.45517
1734,6.4439344
1735,315.8239
1736,86.837166
1737,580.56775
1738,3.201558
1739,142.03242
1740,92.80013
1741,12.453581
1742,244.90689
1743,336.23444
1744,235.81206
1745,218.73613
1746,179.42796
1747,28.763103
1748,39.161156
1749,560.02496
1750,384.93924
1751,78.73165
1752,712.45294
1753,381.48083
1754,349.69516
1755,15.271257
1756,406.4092
1757,509.52478
1758,97.980515
1759,133.91711
1760,3.8722618
1761,211.02155
1762,146.59956
1763,221.36288
1764,151.99919
1765,98.233246
1766,732.16925
1767,13.023518
1768,66.03834
1769,14.154328
1770,100.77741
1771,310.29578
1772,6.51949
1773,248.79053
1774,75.88889
1775,110.66699
1776,108.134636
1777,568.5934
1778,176.71503
1779,15.92452
1780,2.275142
1781,138.47525
1782,90.54916
1783,129.26506
1784,39.126286
1785,42.35828
1786,233.14696
1787,20.546366
1788,4.351083
1789,283.12515
1790,26.418737
1791,522.7433
1792,60.980328
1793,56.5324
1794,4.5152693
1795,86.84673
1796,67.302864
1797,298.79898
1798,233.80556
1799,83.49562
1800,36.747677
1801,68.82991
1802,47.985157
1803,433.1393
1804,4.1259627
1805,220.12418
1806,19.898783
1807,452.36478
1808,40.802505
1809,379.5888
1810,1.8204596
1811,72.84357
1812,63.72089
1813,97.98793
1814,40.044415
1815,202.96277
1816,125.5376
1817,675.585
1818,189.56491
1819,173.24333
1820,83.73994
1821,58.06766
1822,79.494545
1823,118.04936
1824,325.65735
1825,166.23175
1826,117.24239
1827,203.98796
1828,103.245186
1829,547.5587
1830,216.87793
1831,404.26486
1832,222.06007
1833,255.12524
1834,91.45277
1835,470.41043
1836,88.3297
1837,376.2401
1838,64.375786
1839,7.408771
1840,314.5544
1841,234.20343
1842,247.55501
1843,33.23598
1844,24.58572
1845,10.812532
1846,165.89891
1847,5.2255945
1848,65.886406
1849,52.098114
1850,100.07372
1851,49.32156
1852,88.9938
1853,92.072
1854,85.48685
1855,622.74493
1856,3.8550618
1857,669.23376
1858,345.9677
1859,315.8895
1860,6.7304068
1861,413.04236
1862,23.332767
1863,63.166183
1864,92.0348
1865,54.738438
1866,279.45627
1867,202.52496
1868,251.20282
1869,394.8645
1870,33.962826
1871,181.38132
1872,6.581581
1873,8.150116
1874,41.431717
1875,61.39171
1876,172.2821
1877,278.50705
1878,54.990692
1879,188.66206
1880,91.50365
1881,514.1959
1882,154.53828
1883,87.61582
1884,116.35788
1885,491.2672
1886,154.52563
1887,226.01135
1888,136.37062
1889,119.672676
1890,7.6090837
1891,28.005758
1892,175.28914
1893,830.2494
1894,228.85385
1895,59.159863
1896,220.70474
1897,146.01123
1898,476.71094
1899,429.5966
1900,12.537566
1901,29.383755
1902,2.2025588
1903,132.1984
1904,7.949233
1905,84.75411
1906,41.332775
1907,129.63068
1908,137.87222
1909,26.758154
1910,43.25358
1911,357.37216
1912,41.554554
1913,4.1719403
1914,260.6766
1915,207.58835
1916,86.803566
1917,11.814928
1918,442.3658
1919,15.111437
1920,236.84306
1921,69.81772
1922,8.663724
1923,29.808615
1924,19.215725
1925,37.564842
1926,17.515638
1927,6.787588
1928,312.54886
1929,71.36651
1930,321.88577
1931,115.65364
1932,388.63794
1933,608.1117
1934,97.71667
1935,11.205187
1936,16.016275
1937,138.93025
1938,9.686846
1939,205.29118
1940,459.43417
1941,4.777543
1942,198.46451
1943,114.048256
1944,271.76013
1945,41.168034
1946,525.3519
1947,52.236034
1948,375.45776
1949,51.47033
1950,353.71024
1951,84.84799
1952,14.285271
1953,4.576896
1954,108.75011
1955,321.2773
1956,172.4483
1957,351.00092
1958,3.044751
1959,418.55878
1960,403.6132
1961,64.77346
1962,88.53469
1963,45.517662
1964,93.923294
1965,243.2902
1966,309.20258
1967,6.9364457
1968,149.93697
1969,142.56639
1970,195.16296
1971,236.41939
1972,148.60916
1973,39.17506
1974,28.517935
1975,42.95237
1976,138.86713
1977,12.845271
1978,378.64395
1979,222.73119
1980,806.7486
1981,283.22162
1982,19.23134
1983,425.60666
1984,40.47615
1985,13.183333
1986,6.376146
1987,598.5584
1988,464.65143
1989,2.764943
1990,353.26453
1991,188.4926
1992,69.510574
1993,253.46574
1994,146.44458
1995,59.894478
1996,85.501526
1997,7.0694747
1998,181.5464
1999,18.238226
2000,108.02868
2001,34.1772
2002,207.35925
2003,524.2122
2004,466.6671
2005,357.01495
2006,179.44829
2007,72.528694
2008,178.76859
2009,445.51538
2010,42.245296
2011,291.80814
2012,120.950356
2013,8.467163
2014,6.7848787
2015,169.74538
2016,2.1913104
2017,177.48592
2018,182.22038
2019,15.57741
2020,24.351385
2021,395.26297
2022,126.25476
2023,263.38428
2024,382.14615
2025,331.88974
2026,302.60272
2027,511.53992
2028,23.723959
2029,194.4647
2030,200.48264
2031,301.75607
2032,12.626344
2033,374.99146
2034,29.19389
2035,49.912735
2036,303.15802
2037,11.47471
2038,432.0693
2039,143.96046
2040,180.96956
2041,173.21805
2042,2.3123822
2043,329.28787
2044,138.5616
2045,177.03674
2046,311.68665
2047,23.27701
2048,16.082842
2049,326.13788
2050,140.07922
2051,341.39456
2052,22.284578
2053,154.04459
2054,8.232706
2055,222.87169
2056,46.92713
2057,369.0509
2058,235.17386
2059,97.54587
2060,462.25284
2061,379.27008
2062,154.9339
2063,645.13226
2064,1.6885934
2065,220.85555
2066,204.5867
2067,328.64325
2068,139.22697
2069,47.547676
2070,55.199154
2071,82.52431
2072,607.68054
2073,9.087135
2074,30.903337
2075,221.32907
2076,197.25728
2077,282.0317
2078,283.5566
2079,5.2250185
2080,220.46559
2081,597.41095
2082,338.96796
2083,253.89157
2084,57.002262
2085,16.145456
2086,38.16616
2087,65.39963
2088,342.50964
2089,160.34714
2090,261.20416
2091,26.207952
2092,2.7259471
2093,4.981036
2094,170.45383
2095,47.666233
2096,160.90659
2097,5.800698
2098,834.9766
2099,3.6818497
2100,647.6023
2101,170.00674
2102,165.29059
2103,43.299534
2104,451.0296
2105,68.85278
2106,74.18019
2107,40.055553
2108,52.974865
2109,72.16431
2110,170.98103
2111,281.47043
2112,177.63277
2113,43.41278
2114,34.794647
2115,3.348595
2116,9.38879
2117,6.9311304
2118,276.0449
2119,365.70227
2120,502.00812
2121,7.234233
2122,194.10782
2123,39.757244
2124,374.15012
2125,302.47833
2126,121.12908
2127,8.545412
2128,237.87564
2129,22.936022
2130,26.894741
2131,289.05927
2132,188.41463
2133,18.352423
2134,3.5143497
2135,9.136382
2136,71.09032
2137,7.6198177
2138,92.4129
2139,203.10196
2140,8.409591
2141,413.97162
2142,213.55896
2143,14.433148
2144,187.50111
2145,43.512165
2146,168.17998
2147,374.2745
2148,1.7880194
2149,2.359273
2150,6.7559876
2151,343.1234
2152,90.70315
2153,269.93845
2154,187.54135
2155,44.668453
2156,446.55505
2157,50.980545
2158,4.7828445
2159,508.45316
2160,266.71164
2161,166.09557
2162,183.77557
2163,310.0385
2164,315.78058
2165,8.475473
2166,433.0261
2167,66.93226
2168,94.84721
2169,64.54464
2170,45.6708
2171,207.51628
2172,164.19023
2173,291.05246
2174,9.618517
2175,220.8725
2176,29.819958
2177,590.4219
2178,12.970232
2179,82.357635
2180,397.1529
2181,290.5446
2182,296.83423
2183,308.87332
2184,68.74831
2185,114.08447
2186,470.09012
2187,24.498224
2188,82.30958
2189,380.6693
2190,172.74725
2191,13.389841
2192,20.27385
2193,6.102868
2194,345.1207
2195,88.533875
2196,106.48894
2197,2.1714227
2198,338.76904
2199,366.50006
2200,368.486
2201,183.95822
2202,344.68777
2203,116.0733
2204,142.80647
2205,213.41089
2206,19.9557
2207,709.0528
2208,283.2124
2209,4.891847
2210,244.6431
2211,64.50198
2212,135.51317
2213,182.4818
2214,14.351263
2215,5.581996
2216,309.01462
2217,421.87442
2218,316.1773
2219,55.277206
2220,282.37805
2221,527.3919
2222,10.710589
2223,352.34085
2224,78.853966
2225,246.04744
2226,397.71246
2227,350.56488
2228,122.71146
2229,183.83766
2230,174.04968
2231,236.43518
2232,306.93427
2233,365.0321
2234,158.75662
2235,430.3063
2236,37.962734
2237,6.6823554
2238,224.10751
2239,104.34934
2240,313.23456
2241,91.042465
2242,188.36914
2243,1.6726995
2244,141.45306
2245,56.69108
2246,6.6357903
2247,154.74341
2248,5.4286194
2249,221.73804
2250,575.7494
2251,192.01984
2252,200.26338
2253,24.69923
2254,204.80191
2255,6.7937074
2256,146.77927
2257,6.6245003
2258,508.8312
2259,240.06723
2260,64.941086
2261,111.16867
2262,6.58111
2263,314.24503
2264,23.829473
2265,402.05722
2266,131.6562
2267,70.85756
2268,135.43713
2269,232.56284
2270,238.18225
2271,9.166164
2272,90.78512
2273,172.04465
2274,7.5338163
2275,76.03448
2276,268.8557
2277,286.92346
2278,170.1147
2279,95.59414
2280,47.478447
2281,389.10156
2282,272.81757
2283,148.5215
2284,389.9492
2285,149.5458
2286,23.767826
2287,317.77075
2288,3.4201262
2289,57.436794
2290,163.15889
2291,5.757234
2292,153.34277
2293,224.75725
2294,50.49955
2295,30.36738
2296,80.68469
2297,132.98518
2298,468.0608
2299,69.72114
2300,22.504368
2301,478.6433
2302,158.03387
2303,398.35107
2304,160.41617
2305,10.669115
2306,137.27094
2307,361.84875
2308,290.71765
2309,110.200584
2310,50.021667
2311,220.6594
2312,67.50221
2313,67.994835
2314,272.1363
2315,161.23102
2316,44.06036
2317,6.1233106
2318,232.77858
2319,492.27673
2320,203.8823
2321,199.39377
2322,327.62564
2323,346.58582
2324,25.08221
2325,32.33858
2326,62.003555
2327,4.321649
2328,10.412894
2329,244.16145
2330,12.240661
2331,550.96423
2332,334.84778
2333,19.536348
2334,183.7915
2335,4.83187
2336,62.076664
2337,129.59775
2338,37.70303
2339,227.14128
2340,205.38223
2341,154.48666
2342,412.44846
2343,595.9038
2344,550.4732
2345,319.72598
2346,335.89798
2347,230.9138
2348,12.337509
2349,365.48462
2350,39.87773
2351,108.62263
2352,38.913742
2353,148.31421
2354,420.728
2355,401.5453
2356,283.00165
2357,227.36699
2358,410.91833
2359,165.0935
2360,216.2525
2361,33.659317
2362,421.87894
2363,217.98766
2364,98.5857
2365,51.255325
2366,9.320799
2367,47.01607
2368,5.892498
2369,314.08746
2370,63.126682
2371,4.3403788
2372,301.6678
2373,4.134337
2374,60.82149
2375,71.113
2376,15.478607
2377,151.11656
2378,318.47443
2379,96.795395
2380,183.73969
2381,352.6609
2382,384.35315
2383,7.8623123
2384,265.84634
2385,339.39233
2386,10.332911
2387,66.47269
2388,9.175602
2389,11.238073
2390,81.763176
2391,651.9676
2392,542.5255
2393,212.4161
2394,31.822762
2395,179.57283
2396,123.34496
2397,2.8143458
2398,657.02075
2399,3.7821252
2400,52.69758
2401,7.911482
2402,5.1838555
2403,340.6043
2404,157.64037
2405,200.98381
2406,446.05008
2407,461.24362
2408,789.77655
2409,173.7664
2410,152.0586
2411,331.31577
2412,25.357891
2413,296.2269
2414,108.28942
2415,504.7175
2416,368.13428
2417,176.11026
2418,161.52122
2419,321.90457
2420,4.4068475
2421,101.06733
2422,5.0528812
2423,2.8776193
2424,26.104483
2425,232.61002
2426,222.82228
2427,22.374054
2428,20.419203
2429,144.8263
2430,741.1703
2431,191.50458
2432,54.955315
2433,53.0086
2434,250.48302
2435,291.27548
2436,67.71557
2437,361.21133
2438,56.56024
2439,41.253033
2440,199.07625
2441,13.582951
2442,18.278532
2443,60.427284
2444,39.522625
2445,63.08455
2446,44.000713
2447,179.35355
2448,8.084728
2449,551.7224
2450,239.63736
2451,4.1636915
2452,46.22171
2453,287.08307
2454,21.60721
2455,293.8292
2456,303.3595
2457,263.26477
2458,274.80008
2459,231.07515
2460,18.88356
2461,15.279316
2462,41.309998
2463,56.687027
2464,119.41085
2465,82.5089
2466,241.52293
2467,173.52472
2468,383.05338
2469,581.99866
2470,79.30398
2471,89.46836
2472,486.2466
2473,132.5608
2474,694.3018
2475,225.38153
2476,17.423521
2477,373.91074
2478,199.27173
2479,345.79266
2480,292.29993
2481,4.226424
2482,108.21915
2483,8.240867
2484,174.9104
2485,239.9206
2486,35.994415
2487,5.8845677
2488,353.47418
2489,33.74398
2490,218.75652
2491,14.304578
2492,6.8379364
2493,45.612442
2494,453.4162
2495,170.22241
2496,66.407
2497,671.924
2498,423.6484
2499,112.472565
2500,279.91495
2501,488.92474
2502,466.43527
2503,101.98293
2504,161.62268
2505,372.67227
2506,29.394926
2507,20.655903
2508,6.5026016
2509,7.159299
2510,39.74557
2511,264.47113
2512,411.13388
2513,133.7828
2514,141.98454
2515,231.02147
2516,497.11954
2517,137.98087
2518,278.32712
2519,38.046265
2520,62.51094
2521,347.51016
2522,256.14706
2523,3.1989632
2524,76.42163
2525,11.775926
2526,403.96393
2527,176.45683
2528,9.437424
2529,54.71155
2530,233.19388
2531,281.35565
2532,642.86206
2533,547.711
2534,186.68674
2535,30.594082
2536,48.648228
2537,92.16876
2538,7.818875
2539,6.378579
2540,239.49976
2541,180.98799
2542,108.52319
2543,55.217377
2544,243.6028
2545,705.6399
2546,191.41464
2547,25.653107
2548,2.775153
2549,52.75026
2550,251.95502
2551,133.23346
2552,3.130938
2553,262.26727
2554,428.01245
2555,422.88025
2556,174.18594
2557,56.351177
2558,8.892517
2559,14.159066
2560,181.1624
2561,98.80026
2562,230.19522
2563,813.5948
2564,96.914246
2565,64.91979
2566,15.282138
2567,669.3221
2568,538.9087
2569,4.821238
2570,6.530898
2571,458.284
2572,6.2970414
2573,186.47736
2574,51.577847
2575,506.0783
2576,3.2925146
2577,96.370995
2578,8.9764
2579,66.69639
2580,327.29306
2581,388.35403
2582,24.034182
2583,5.38078
2584,55.73946
2585,357.1082
2586,64.98059
2587,527.30066
2588,150.03545
2589,95.86443
2590,183.23445
2591,233.3806
2592,43.349094
2593,96.30012
2594,81.55509
2595,298.33856
2596,99.94992
2597,75.717735
2598,2.2310271
2599,23.143105
2600,214.73878
2601,46.639385
2602,8.134634
2603,166.33853
2604,9.579164
2605,198.80998
2606,312.82806
2607,19.60296
2608,251.25574
2609,44.951138
2610,59.282906
2611,16.92486
2612,379.35574
2613,373.63318
2614,29.928787
2615,39.69395
2616,361.71545
2617,426.4598
2618,41.556698
2619,272.99564
2620,2.7040474
2621,710.5322
2622,86.91584
2623,6.49762
2624,272.74783
2625,13.487341
2626,9.926485
2627,463.28143
2628,92.75927
2629,44.518127
2630,183.61514
2631,200.48264
2632,6.0174522
2633,18.597795
2634,74.354095
2635,223.7426
2636,21.054419
2637,81.26383
2638,247.19536
2639,22.63585
2640,48.034058
2641,233.77351
2642,26.944784
2643,3.556249
2644,94.3497
2645,176.52193
2646,15.140111
2647,363.2401
2648,127.72091
2649,30.763748
2650,37.040844
2651,170.70082
2652,283.6567
2653,4.7953377
2654,189.32649
2655,1.7131827
2656,176.24495
2657,201.7982
2658,16.258053
2659,6.068956
2660,228.95706
2661,101.66627
2662,9.80495
2663,82.02175
2664,7.058456
2665,16.177725
2666,238.53716
2667,504.91797
2668,215.13455
2669,165.59053
2670,150.61333
2671,111.73707
2672,15.175042
2673,11.89963
2674,301.56158
2675,95.23358
2676,4.238981
2677,63.36954
2678,181.43922
2679,9.805393
2680,283.47327
2681,19.131962
2682,169.37604
2683,61.428852
2684,45.78291
2685,12.544581
2686,201.05362
2687,308.52896
2688,117.64427
2689,260.16843
2690,5.6082044
2691,314.21133
2692,94.11937
2693,9.087308
2694,3.0843356
2695,25.666624
2696,115.90266
2697,275.89297
2698,105.87611
2699,163.98253
2700,413.92206
2701,91.786095
2702,426.1591
2703,103.4762
2704,150.44417
2705,168.57236
2706,406.85312
2707,29.342922
2708,219.45193
2709,40.172077
2710,23.576859
2711,15.074435
2712,294.41797
2713,4.955778
2714,436.0035
2715,6.1271987
2716,159.99574
2717,169.34206
2718,35.47433
2719,111.86858
2720,43.58289
2721,481.364
2722,4.666566
2723,139.55583
2724,55.567577
2725,374.718
2726,113.10946
2727,480.17886
2728,336.82614
2729,123.01942
2730,156.0761
2731,37.557323
2732,213.22159
2733,140.85274
2734,96.29019
2735,29.520494
2736,293.4416
2737,133.80043
2738,73.122765
2739,510.0592
2740,88.97722
2741,129.66841
2742,9.808188
2743,13.060354
2744,5.354315
2745,312.97018
2746,151.5844
2747,175.21552
2748,616.7151
2749,545.00653
2750,290.54193
2751,327.5367
2752,296.13797
2753,173.30269
2754,150.96548
2755,223.36075
2756,673.989
2757,213.61429
2758,155.95743
2759,15.61946
2760,83.12843
2761,162.04147
2762,8.3885765
2763,118.59158
2764,220.70866
2765,62.42842
2766,76.91287
2767,188.91426
2768,198.92122
2769,271.48135
2770,149.57521
2771,470.9105
2772,116.21591
2773,231.22075
2774,395.9383
2775,55.892864
2776,77.49613
2777,60.340046
2778,286.239
2779,442.46854
2780,47.359253
2781,39.092182
2782,404.76968
2783,533.96295
2784,110.45474
2785,126.84283
2786,97.26398
2787,189.4803
2788,12.666106
2789,114.959785
2790,25.169243
2791,438.5463
2792,304.9045
2793,616.3738
2794,476.8853
2795,230.9737
2796,59.12007
2797,133.9841
2798,368.20337
2799,400.7893
2800,76.230125
2801,135.74835
2802,60.174248
2803,91.670586
2804,787.35406
2805,456.25528
2806,197.291
2807,4.3267307
2808,19.89954
2809,242.65
2810,147.5625
2811,364.01825
2812,161.29398
2813,245.55911
2814,20.677357
2815,226.11217
2816,18.714066
2817,8.51887
2818,150.98323
2819,55.104782
2820,4.44786
2821,355.8264
2822,52.921547
2823,5.335315
2824,321.45773
2825,185.96318
2826,17.241407
2827,451.94745
2828,255.83395
2829,565.1091
2830,17.58648
2831,100.18256
2832,144.4085
2833,32.606796
2834,431.4016
2835,92.69118
2836,127.6329
2837,125.63461
2838,421.5272
2839,27.793262
2840,796.21924
2841,142.14844
2842,186.71748
2843,188.4226
2844,229.48717
2845,5.9614058
2846,48.145542
2847,171.06468
2848,75.7028
2849,180.17084
2850,80.86258
2851,370.84198
2852,146.64502
2853,102.92822
2854,19.737091
2855,159.46259
2856,135.16917
2857,32.46965
2858,448.48373
2859,105.965034
2860,33.27936
2861,240.90466
2862,74.990524
2863,4.2615824
2864,210.11078
2865,100.8155
2866,382.67667
2867,70.00911
2868,138.18298
2869,53.21928
2870,201.51646
2871,94.38415
2872,444.2521
2873,158.7136
2874,145.87576
2875,61.591366
2876,456.48624
2877,18.87388
2878,258.37872
2879,278.28928
2880,278.83234
2881,215.14334
2882,159.50119
2883,13.362049
2884,502.20813
2885,26.582655
2886,278.51276
2887,7.23069
2888,246.94603
2889,187.15657
2890,435.56744
2891,173.54407
2892,202.30043
2893,284.74435
2894,14.615089
2895,315.7878
2896,8.4397335
2897,155.60878
2898,6.198742
2899,37.341934
2900,3.837895
2901,221.20056
2902,60.281143
2903,33.831543
2904,176.8438
2905,326.2213
2906,31.520855
2907,18.636831
2908,3.2713704
2909,3.3726382
2910,294.5429
2911,22.617445
2912,24.066334
2913,482.32504
2914,400.64536
2915,83.86144
2916,431.96295
2917,433.82455
2918,35.221985
2919,13.373658
2920,77.15524
2921,201.13808
2922,4.7531013
2923,99.358284
2924,330.00583
2925,19.277405
2926,443.95538
2927,54.783108
2928,193.73419
2929,344.9739
2930,7.97482
2931,133.8859
2932,296.42877
2933,164.68327
2934,6.629055
2935,41.854458
2936,32.496033
2937,105.49807
2938,150.61754
2939,10.598221
2940,7.528387
2941,110.16743
2942,31.358433
2943,207.2173
2944,29.466238
2945,121.14453
2946,35.073483
2947,9.535041
2948,29.37788
2949,23.649227
2950,25.514019
2951,17.27865
2952,4.7365003
2953,234.56506
2954,353.61533
2955,816.2101
2956,151.44283
2957,451.70322
2958,157.59787
2959,198.87846
2960,23.868042
2961,93.23901
2962,6.076555
2963,246.69096
2964,8.143744
2965,111.43656
2966,434.65063
2967,213.63107
2968,18.949276
2969,347.22424
2970,38.714146
2971,268.76334
2972,92.06815
2973,2.385223
2974,21.95233
2975,577.93024
2976,244.3286
2977,209.05176
2978,164.75731
2979,11.886858
2980,108.89101
2981,288.82748
2982,90.44869
2983,70.88484
2984,140.19347
2985,410.07288
2986,400.43054
2987,216.61436
2988,275.38092
2989,30.52677
2990,166.91661
2991,196.19016
2992,105.43703
2993,202.3147
2994,27.720243
2995,285.78952
2996,4.9141707
2997,324.94125
2998,169.23483
2999,4.7120275
3000,210.15274
3001,376.0232
3002,26.921923
3003,178.66681
3004,46.26841
3005,22.156609
3006,11.653473
3007,413.05988
3008,175.96764
3009,38.445183
3010,7.513869
3011,321.0387
3012,54.40977
3013,252.62279
3014,4.3649173
3015,707.9843
3016,266.2039
3017,768.2165
3018,258.82016
3019,186.48796
3020,329.1788
3021,50.371227
3022,51.594162
3023,410.55533
3024,109.22334
3025,144.6452
3026,144.80269
3027,62.906845
3028,14.289662
3029,60.190502
3030,119.233864
3031,34.420498
3032,407.78564
3033,66.653725
3034,315.56836
3035,307.25336
3036,9.729219
3037,346.1933
3038,5.6056504
3039,389.5356
3040,135.13232
3041,12.910462
3042,92.53665
3043,382.66653
3044,460.68362
3045,145.44475
3046,5.9261155
3047,162.31026
3048,330.89935
3049,120.673584
3050,139.15964
3051,74.75804
3052,348.0909
3053,570.318
3054,15.023751
3055,126.09437
3056,208.61572
3057,165.88423
3058,148.19446
3059,7.273992
3060,236.97392
3061,56.753498
3062,190.70058
3063,443.64142
3064,316.1381
3065,155.98778
3066,257.32816
3067,420.68008
3068,71.19719
3069,186.44919
3070,306.5318
3071,82.73921
3072,112.02335
3073,3.5742464
3074,250.03246
3075,5.5966525
3076,123.90573
3077,420.15427
3078,28.647848
3079,121.395485
3080,94.94099
3081,131.45026
3082,209.55478
3083,31.742481
3084,27.159563
3085,58.28069
3086,70.74556
3087,128.55435
3088,460.7101
3089,443.07077
3090,127.2125
3091,375.31067
3092,615.92926
3093,114.5789
3094,184.67625
3095,183.65717
3096,148.4863
3097,24.290726
3098,463.99747
3099,303.0907
3100,62.96164
3101,7.988673
3102,4.8113604
3103,2.5780504
3104,282.9393
3105,37.272095
3106,230.31929
3107,42.426163
3108,640.7405
3109,40.381737
3110,231.68059
3111,299.29745
3112,300.08844
3113,8.963269
3114,214.3599
3115,7.5174117
3116,134.79185
3117,87.603424
3118,85.25384
3119,68.29455
3120,155.05026
3121,91.60451
3122,295.74628
3123,16.89117
3124,154.62772
3125,313.52243
3126,117.92546
3127,216.73596
3128,197.66922
3129,3.085944
3130,14.058857
3131,70.325424
3132,38.053284
3133,309.6837
3134,316.10602
3135,72.76408
3136,148.13792
3137,24.42501
3138,168.8512
3139,4.2709465
3140,6.7493477
3141,19.238272
3142,82.40808
3143,749.67426
3144,491.38242
3145,236.65912
3146,103.866135
3147,461.75632
3148,76.0497
3149,216.55032
3150,126.42524
3151,289.68524
3152,13.694758
3153,112.5543
3154,94.809875
3155,78.38042
3156,189.77612
3157,153.36644
3158,22.342377
3159,211.8097
3160,28.047417
3161,635.16516
3162,8.00039
3163,258.8474
3164,253.50519
3165,217.9308
3166,21.090092
3167,161.9736
3168,322.81952
3169,857.79926
3170,16.873716
3171,259.44556
3172,167.97652
3173,338.1751
3174,139.53282
3175,135.37326
3176,2.569092
3177,202.84578
3178,27.308937
3179,433.78317
3180,275.11618
3181,179.02956
3182,177.66315
3183,115.650314
3184,127.11532
3185,207.73686
3186,44.965252
3187,14.0589905
3188,309.44574
3189,197.36186
3190,777.889
3191,294.0616
3192,36.991676
3193,249.27417
3194,222.97401
3195,386.8021
3196,234.44797
3197,237.06747
3198,20.231556
3199,76.44558
3200,77.43528
3201,250.52435
3202,51.8038
3203,5.408106
3204,220.58182
3205,143.23581
3206,7.2255077
3207,21.500101
3208,8.916407
3209,159.95834
3210,530.0591
3211,272.2563
3212,323.34314
3213,429.63525
3214,16.490189
3215,114.22155
3216,613.10126
3217,91.224174
3218,158.13191
3219,261.21558
3220,72.68845
3221,40.55805
3222,59.576218
3223,91.73277
3224,131.30087
3225,289.29947
3226,212.77356
3227,173.33397
3228,172.73874
3229,166.25894
3230,257.22644
3231,37.8367
3232,477.207
3233,375.62674
3234,1.8334899
3235,184.01369
3236,56.956432
3237,175.61163
3238,27.708057
3239,387.76816
3240,8.488364
3241,14.396122
3242,106.18428
3243,115.95338
3244,458.82816
3245,466.43527
3246,37.543716
3247,156.64983
3248,77.7447
3249,256.8626
3250,197.21619
3251,8.636468
3252,360.56757
3253,599.3162
3254,64.739624
3255,28.846823
3256,44.6111
3257,9.749969
3258,74.52081
3259,177.76505
3260,207.76936
3261,14.643967
3262,42.801197
3263,212.7657
3264,447.37805
3265,5.192693
3266,459.87686
3267,257.30905
3268,179.55945
3269,32.38205
3270,641.2466
3271,294.95453
3272,6.516051
3273,219.83864
3274,51.88049
3275,5.689711
3276,131.13576
3277,38.64088
3278,157.51001
3279,115.075264
3280,178.18962
3281,383.912
3282,195.64886
3283,61.051445
3284,324.33755
3285,651.7263
3286,481.3306
3287,325.46762
3288,548.0737
3289,299.54102
3290,14.386505
3291,187.35202
3292,161.85966
3293,3.1085913
3294,227.77321
3295,96.84891
3296,302.93155
3297,218.30225
3298,23.568295
3299,313.7915
3300,193.6401
3301,171.05537
3302,5.948348
3303,266.81894
3304,341.33002
3305,157.4412
3306,2.8582287
3307,68.24571
3308,249.75874
3309,462.008
3310,268.93637
3311,261.40137
3312,372.92508
3313,13.086794
3314,180.30885
3315,158.5302
3316,6.153956
3317,502.453
3318,81.505905
3319,301.6899
3320,541.7668
3321,30.771702
3322,132.18721
3323,98.16206
3324,111.5631
3325,93.40788
3326,18.095955
3327,122.00443
3328,290.64032
3329,79.762405
3330,215.56671
3331,3.396743
3332,129.57875
3333,39.04053
3334,664.0045
3335,461.0618
3336,163.1785
3337,59.01364
3338,149.29137
3339,392.48663
3340,384.32257
3341,245.80598
3342,120.33664
3343,560.5042
3344,68.353424
3345,109.648735
3346,113.302734
3347,293.6231
3348,93.94402
3349,389.70264
3350,320.45844
3351,42.873344
3352,196.15727
3353,274.52695
3354,15.741217
3355,366.02588
3356,139.73114
3357,11.343446
3358,281.6174
3359,591.51996
3360,239.29172
3361,225.83704
3362,27.210985
3363,2.6915383
3364,200.8533
3365,95.313866
3366,72.34152
3367,17.932604
3368,6.984052
3369,659.6799
3370,686.8865
3371,563.3324
3372,5.6530128
3373,21.94335
3374,196.26013
3375,93.9661
3376,306.52417
3377,11.479788
3378,523.3204
3379,272.37225
3380,9.752627
3381,622.9627
3382,101.74051
3383,179.9797
3384,230.82973
3385,326.44797
3386,537.22534
3387,3.9117446
3388,71.724075
3389,26.191498
3390,23.591003
3391,3.3908606
3392,315.02982
3393,10.401203
3394,370.09854
3395,179.24326
3396,309.52838
3397,401.36578
3398,151.89668
3399,21.118456
3400,229.9303
3401,1.7650225
3402,89.54482
3403,222.53603
3404,75.599525
3405,6.2575097
3406,82.05273
3407,125.1138
3408,3.4428067
3409,547.0598
3410,88.0743
3411,231.16339
3412,3.9831452
3413,107.41937
3414,4.030191
3415,397.2669
3416,205.24026
3417,321.1877
3418,184.9899
3419,135.92662
3420,215.18036
3421,166.9301
3422,480.09058
3423,74.72722
3424,272.3229
3425,262.7926
3426,509.12344
3427,52.486046
3428,202.30376
3429,3.191152
3430,464.2705
3431,155.92793
3432,13.159922
3433,185.09752
3434,149.49554
3435,468.48425
3436,126.45163
3437,402.86377
3438,8.86878
3439,402.1171
3440,207.38905
3441,143.0101
3442,5.5320287
3443,489.95593
3444,343.79718
3445,233.03215
3446,628.608
3447,6.3902116
3448,32.346363
3449,398.86844
3450,628.1738
3451,14.925324
3452,242.19565
3453,474.40704
3454,186.27754
3455,604.74036
3456,19.219114
3457,6.911543
3458,134.52463
3459,775.74493
3460,21.322697
3461,406.88885
3462,803.4231
3463,299.35266
3464,648.3815
3465,200.43994
3466,799.4826
3467,156.63817
3468,30.756088
3469,132.13663
3470,172.3842
3471,839.98804
3472,3.400588
3473,469.5548
3474,22.38459
3475,286.65292
3476,25.545393
3477,222.99123
3478,54.904514
3479,134.97743
3480,237.29199
3481,347.18936
3482,5.5775566
3483,109.16022
3484,54.798183
3485,47.5825
3486,20.163382
3487,181.41026
3488,81.26288
3489,337.5415
3490,5.132133
3491,129.59642
3492,158.1952
3493,24.099148
3494,73.192375
3495,44.311768
3496,476.30792
3497,290.3242
3498,312.10498
3499,313.38336
3500,199.60008
3501,4.820636
3502,318.8465
3503,6.711015
3504,286.69916
3505,5.114199
3506,575.6372
3507,97.045525
3508,212.55244
3509,24.290356
3510,87.11313
3511,584.5726
3512,252.46017
3513,253.67876
3514,158.3694
3515,156.27386
3516,269.8815
3517,43.698914
3518,165.28287
3519,20.178532
3520,159.13524
3521,57.103252
3522,346.46857
3523,212.08112
3524,35.232662
3525,126.10057
3526,87.50408
3527,74.693924
3528,94.07807
3529,26.379831
3530,108.8066
3531,668.441
3532,236.73692
3533,167.96877
3534,3.98106
3535,144.36003
3536,10.837045
3537,61.01823
3538,194.00562
3539,8.830177
3540,400.52332
3541,31.370232
3542,183.16333
3543,188.05737
3544,202.86913
3545,100.68754
3546,67.884895
3547,40.045063
3548,692.34283
3549,11.751069
3550,138.98357
3551,157.7225
3552,162.17392
3553,3.36879
3554,195.6388
3555,9.406571
3556,50.352074
3557,28.62669
3558,442.17978
3559,117.03735
3560,5.2218018
3561,9.965368
3562,110.068726
3563,3.8592937
3564,52.46005
3565,106.864815
3566,53.16602
3567,11.471575
3568,502.28683
3569,280.28174
3570,97.65648
3571,119.53247
3572,180.72173
3573,491.53943
3574,594.0277
3575,300.07233
3576,24.109556
3577,517.2709
3578,29.101078
3579,62.360622
3580,318.64545
3581,4.576039
3582,204.50392
3583,173.90898
3584,245.39705
3585,274.5109
3586,98.08318
3587,45.88953
3588,446.7227
3589,241.33331
3590,50.51145
3591,435.29532
3592,106.35208
3593,84.665825
3594,52.298943
3595,183.99567
3596,135.40578
3597,267.13065
3598,19.123367
3599,135.27408
3600,229.16635
3601,269.28726
3602,367.78015
3603,71.9009
3604,218.82909
3605,705.2594
3606,57.0054
3607,1.8833466
3608,109.88452
3609,89.63101
3610,103.52756
3611,111.22108
3612,202.61588
3613,9.665688
3614,45.889874
3615,36.689346
3616,194.83192
3617,127.36735
3618,80.81095
3619,117.5853
3620,45.771023
3621,473.8324
3622,36.13973
3623,237.74075
3624,247.68893
3625,2.796155
3626,53.783688
3627,26.503338
3628,2.3411212
3629,470.60217
3630,148.91699
3631,530.0583
3632,153.52858
3633,159.93112
3634,370.4189
3635,9.9624
3636,170.26305
3637,631.3833
3638,182.05241
3639,88.78348
3640,192.00801
3641,329.9567
3642,6.8563232
3643,186.64346
3644,79.746056
3645,387.5032
3646,105.072426
3647,200.28264
3648,319.56476
3649,171.4852
3650,253.78058
3651,323.30927
3652,23.886251
3653,211.03069
3654,214.52936
3655,2.415806
3656,35.23199
3657,36.58345
3658,445.01306
3659,8.809027
3660,290.43802
3661,52.259716
3662,248.38828
3663,6.847612
3664,110.172775
3665,148.72551
3666,474.8463
3667,37.13688
3668,114.759636
3669,724.75696
3670,33.0146
3671,103.245415
3672,73.88183
3673,100.2718
3674,425.2975
3675,119.49769
3676,292.14203
3677,9.7815695
3678,4.869561
3679,5.786144
3680,38.13271
3681,100.39169
3682,477.5769
3683,227.38828
3684,116.183266
3685,27.593042
3686,597.20514
3687,168.87466
3688,68.66487
3689,346.04608
3690,316.56714
3691,126.83706
3692,2.889573
3693,199.48778
3694,9.157875
3695,270.24762
3696,284.64423
3697,7.6601353
3698,50.512516
3699,175.0463
3700,67.70372
3701,7.779166
3702,407.59952
3703,156.16191
3704,185.50113
3705,353.04846
3706,534.2867
3707,366.4416
3708,111.47245
3709,378.25696
3710,25.677448
3711,257.23538
3712,410.98975
3713,574.5706
3714,112.624855
3715,396.56125
3716,91.050354
3717,12.792335
3718,505.77902
3719,41.664196
3720,560.46045
3721,216.4556
3722,255.69331
3723,13.858932
3724,272.827
3725,224.66335
3726,485.0934
3727,296.01196
3728,394.8935
3729,37.32268
3730,443.6848
3731,6.6008677
3732,232.91908
3733,289.94592
3734,57.742855
3735,422.13257
3736,440.30298
3737,58.367935
3738,2.7563436
3739,58.56247
3740,379.36334
3741,259.48416
3742,493.2456
3743,58.150295
3744,7.064447
3745,459.60922
3746,2.4143384
3747,136.3437
3748,407.81763
3749,285.52588
3750,559.8082
3751,189.57257
3752,375.1998
3753,379.77594
3754,44.440987
3755,300.43793
3756,119.408
3757,116.54911
3758,264.67804
3759,370.0875
3760,108.34054
3761,216.59981
3762,55.72796
3763,16.075058
3764,394.84186
3765,6.436341
3766,165.16267
3767,20.28436
3768,151.67775
3769,145.40196
3770,17.955605
3771,11.398145
3772,300.68008
3773,147.19081
3774,15.985994
3775,111.39155
3776,79.95008
3777,53.421894
3778,124.95471
3779,217.97533
3780,102.37557
3781,122.32636
3782,83.72633
3783,4.6041307
3784,34.71356
3785,63.679436
3786,166.40729
3787,29.521086
3788,56.67438
3789,86.12685
3790,238.83531
3791,400.03113
3792,268.5159
3793,7.576734
3794,145.64543
3795,202.39473
3796,58.828453
3797,320.4986
3798,320.1301
3799,171.85318
3800,196.22641
3801,6.910153
3802,40.13743
3803,6.9066815
3804,141.72661
3805,142.39728
3806,5.1755757
3807,8.7228565
3808,4.4613504
3809,229.091
3810,2.508394
3811,193.2051
3812,23.8478
3813,277.85477
3814,411.90988
3815,284.18784
3816,273.8515
3817,63.439842
3818,35.524097
3819,564.30457
3820,48.91057
3821,262.31238
3822,122.08497
3823,241.6822
3824,105.700325
3825,165.81462
3826,100.01242
3827,110.91737
3828,6.324014
3829,461.98398
3830,202.14127
3831,232.02747
3832,52.741257
3833,67.74341
3834,222.3253
3835,106.32512
3836,167.4191
3837,667.4519
3838,199.2351
3839,391.21426
3840,26.41757
3841,159.14879
3842,51.68397
3843,93.44045
3844,332.4245
3845,222.50894
3846,737.4997
3847,43.337322
3848,97.59739
3849,271.71674
3850,2.2434223
3851,442.74377
3852,168.82924
3853,4.6674595
3854,48.634407
3855,101.22467
3856,291.56628
3857,298.63937
3858,304.26318
3859,7.047398
3860,454.275
3861,469.0861
3862,64.77537
3863,364.39566
3864,86.01509
3865,2.302152
3866,52.35068
3867,171.22534
3868,821.38293
3869,215.95059
3870,179.26137
3871,415.91724
3872,34.91408
3873,475.91205
3874,3.5270753
3875,149.82698
3876,52.608658
3877,173.8258
3878,368.7447
3879,3.7172184
3880,355.58023
3881,771.907
3882,70.812355
3883,183.74396
3884,6.13224
3885,11.505574
3886,603.7934
3887,102.570946
3888,169.44897
3889,128.6332
3890,831.7894
3891,164.88078
3892,314.38962
3893,74.84229
3894,478.8092
3895,6.6582007
3896,78.03691
3897,570.13464
3898,86.8668
3899,45.40258
3900,267.8685
3901,84.140945
3902,92.74336
3903,105.257034
3904,14.955122
3905,56.113663
3906,5.910567
3907,372.22598
3908,43.801003
3909,243.14688
3910,27.260294
3911,238.97076
3912,72.87934
3913,47.265278
3914,131.89696
3915,29.081873
3916,117.433914
3917,91.01322
3918,298.0547
3919,9.543647
3920,157.75574
3921,79.62844
3922,585.64026
3923,100.20255
3924,141.10794
3925,81.86651
3926,443.41473
3927,321.5784
3928,12.259181
3929,161.02837
3930,347.04965
3931,62.920498
3932,218.03789
3933,54.932335
3934,38.836723
3935,721.7706
3936,2.1778448
3937,81.44769
3938,2.3874316
3939,391.26987
3940,7.2275887
3941,5.180608
3942,416.66962
3943,403.24048
3944,7.98443
3945,3.367525
3946,286.6488
3947,238.71118
3948,37.463234
3949,9.800706
3950,39.20287
3951,11.965049
3952,101.13738
3953,5.7158904
3954,164.86993
3955,76.51272
3956,208.94478
3957,496.62982
3958,274.19882
3959,297.45108
3960,65.84832
3961,583.8429
3962,266.4842
3963,116.04103
3964,2.948101
3965,518.7875
3966,21.912619
3967,364.3958
3968,6.3801923
3969,22.523764
3970,4.7557273
3971,4.3610654
3972,192.57191
3973,159.3713
3974,431.2467
3975,215.70961
3976,13.783338
3977,53.59296
3978,4.9391394
3979,292.19247
3980,61.166985
3981,407.8022
3982,687.6257
3983,277.12372
3984,218.72578
3985,20.314363
3986,414.60587
3987,24.978191
3988,2.888174
3989,745.58856
3990,4.7563086
3991,22.837656
3992,100.40948
3993,80.635895
3994,27.20854
3995,327.01215
3996,211.41684
3997,3.7546828
3998,360.52692
3999,4.3056273
4000,249.52689
4001,728.3658
4002,51.58309
4003,461.60135
4004,99.9337
4005,17.8381
4006,203.96136
4007,69.7515
4008,24.620173
4009,139.35187
4010,193.36359
4011,792.0045
4012,13.68161
4013,312.11844
4014,117.1946
4015,115.212975
4016,85.138084
4017,145.90819
4018,32.851276
4019,87.30289
4020,114.97567
4021,295.6825
4022,515.4426
4023,94.34086
4024,4.5544124
4025,6.0443664
4026,34.933846
4027,353.63873
4028,26.534208
4029,120.41795
4030,278.20673
4031,66.08359
4032,265.40198
4033,605.9186
4034,98.531105
4035,497.9943
4036,120.29743
4037,25.148876
4038,62.739002
4039,215.68579
4040,143.98537
4041,90.96908
4042,94.039
4043,309.88663
4044,589.62994
4045,44.820534
4046,166.27483
4047,306.25507
4048,13.856878
4049,605.9595
4050,484.43918
4051,23.159332
4052,158.50433
4053,644.12494
4054,38.022663
4055,234.71075
4056,16.698338
4057,14.367383
4058,4.6809816
4059,263.47314
4060,227.8492
4061,516.57056
4062,303.93234
4063,5.7978587
4064,147.97192
4065,229.57141
4066,170.07013
4067,470.65033
4068,53.09137
4069,250.82346
4070,93.27571
4071,830.33716
4072,155.75282
4073,181.75813
4074,9.1053
4075,165.24232
4076,88.20237
4077,782.55133
4078,171.82207
4079,17.270176
4080,372.1654
4081,5.935527
4082,418.16348
4083,227.31046
4084,308.91147
4085,419.79996
4086,321.03464
4087,45.329765
4088,378.57092
4089,571.5852
4090,78.71596
4091,307.23935
4092,82.55379
4093,54.180897
4094,3.3917663
4095,367.893
4096,82.38392
4097,362.77972
4098,174.88116
4099,125.03437
4100,166.61685
4101,31.967014
4102,5.966954
4103,53.025738
4104,182.61926
4105,681.2582
4106,192.6569
4107,117.31632
4108,306.0069
4109,3.734955
4110,491.951
4111,178.72472
4112,2.8513813
4113,218.3771
4114,221.76247
4115,230.68782
4116,343.7413
4117,6.09621
4118,159.10986
4119,44.51902
4120,327.11777
4121,126.69531
4122,515.8058
4123,39.28761
4124,5.810637
4125,294.7082
4126,41.95774
4127,595.00006
4128,793.06323
4129,146.26639
4130,23.012726
4131,348.15564
4132,22.80258
4133,170.70155
4134,222.26945
4135,7.9970894
4136,3.3885057
4137,13.359645
4138,2.5949771
4139,6.4272466
4140,342.1178
4141,400.61215
4142,41.926266
4143,60.088192
4144,359.38602
4145,112.96189
4146,244.12372
4147,293.00702
4148,30.66411
4149,540.44366
4150,45.276684
4151,8.573674
4152,27.163122
4153,8.01417
4154,162.015
4155,13.73204
4156,194.73671
4157,78.08318
4158,289.49432
4159,389.85165
4160,47.37255
4161,25.22016
4162,21.133871
4163,2.2927907
4164,384.50345
4165,224.94487
4166,443.6434
4167,83.839836
4168,213.8429
4169,7.8919377
4170,350.52734
4171,137.54834
4172,210.30807
4173,119.167816
4174,6.143425
4175,301.4108
4176,329.75677
4177,253.67226
4178,125.36995
4179,196.59724
4180,261.95688
4181,376.74045
4182,332.09833
4183,5.9501843
4184,34.191
4185,222.88148
4186,25.41603
4187,77.530785
4188,160.59422
4189,283.76544
4190,1.7751691
4191,30.489754
4192,99.90626
4193,241.6084
4194,108.451965
4195,242.7663
4196,6.7317543
4197,197.41951
4198,261.7871
4199,5.7428336
4200,337.46484
4201,421.24103
4202,113.0633
4203,405.87967
4204,310.7342
4205,115.136635
4206,4.6812925
4207,116.9337
4208,400.10968
4209,274.03116
4210,267.73334
4211,211.80524
4212,765.3048
4213,374.40814
4214,3.2100923
4215,82.170784
4216,282.40332
4217,220.24323
4218,3.052267
4219,124.94846
4220,315.5428
4221,262.5661
4222,176.81529
4223,160.13525
4224,30.575613
4225,191.82196
4226,259.6757
4227,41.33028
4228,482.82913
4229,4.5489
4230,216.55208
4231,296.1862
4232,633.3188
4233,491.88626
4234,162.05081
4235,434.72882
4236,201.32806
4237,112.13367
4238,312.23273
4239,113.72514
4240,184.0462
4241,5.4206567
4242,310.55746
4243,396.205
4244,228.45735
4245,265.6588
4246,100.02579
4247,183.45596
4248,206.64476
4249,174.33571
4250,305.59192
4251,105.006065
4252,255.81792
4253,78.859184
4254,39.69402
4255,76.697556
4256,610.18195
4257,405.06085
4258,29.943203
4259,8.363173
4260,3.6714861
4261,10.964632
4262,5.105656
4263,20.867208
4264,743.6243
4265,514.3104
4266,10.351196
4267,41.268185
4268,128.19086
4269,645.22864
4270,79.86767
4271,320.49405
4272,528.457
4273,80.28499
4274,183.77359
4275,285.23126
4276,11.996753
4277,7.7373214
4278,449.55252
4279,159.43086
4280,82.76511
4281,366.36896
4282,300.97644
4283,67.52185
4284,397.0333
4285,101.55444
4286,6.978621
4287,381.11398
4288,64.183105
4289,83.46245
4290,14.693896
4291,429.1465
4292,95.35856
4293,89.30715
4294,175.4037
4295,295.59665
4296,380.52817
4297,108.57555
4298,8.672765
4299,287.44412
4300,77.85945
4301,271.19183
4302,41.092735
4303,795.5991
4304,275.43652
4305,436.52844
4306,298.3256
4307,531.28796
4308,155.18596
4309,8.394471
4310,252.24515
4311,510.95538
4312,15.56928
4313,2.3308089
4314,60.969845
4315,74.76313
4316,116.93379
4317,221.52158
4318,131.72868
4319,110.985146
4320,254.7239
4321,25.877121
4322,9.310075
4323,404.14777
4324,648.0907
4325,372.6731
4326,120.532135
4327,53.35151
4328,293.0816
4329,230.36478
4330,89.27267
4331,75.645134
4332,408.8976
4333,6.190364
4334,102.618195
4335,308.17493
4336,133.48326
4337,322.28787
4338,19.178988
4339,239.47545
4340,533.9492
4341,117.15052
4342,760.07825
4343,160.69122
4344,13.794123
4345,155.82072
4346,47.938896
4347,9.757742
4348,166.18639
4349,234.8057
4350,77.0731
4351,550.41406
4352,340.83795
4353,126.03011
4354,9.896202
4355,152.93951
4356,77.87527
4357,120.00804
4358,257.5156
4359,382.81754
4360,86.16897
4361,406.73187
4362,229.69545
4363,76.944824
4364,119.23476
4365,61.029686
4366,335.0956
4367,33.834816
4368,317.80945
4369,113.50159
4370,6.129029
4371,168.17809
4372,19.262163
4373,16.87077
4374,320.77127
4375,349.65106
4376,208.85704
4377,351.88718
4378,357.4821
4379,82.49407
4380,105.80098
4381,3.1063704
4382,114.55721
4383,117.91676
4384,300.26773
4385,6.910314
4386,452.0809
4387,94.13887
4388,76.78729
4389,75.397575
4390,234.2807
4391,32.32888
4392,461.77097
4393,75.005585
4394,224.49464
4395,111.95482
4396,119.33011
4397,456.46564
4398,57.474445
4399,48.630627
4400,33.283455
4401,369.63205
4402,362.93732
4403,6.1894593
4404,86.070045
4405,114.942055
4406,144.34311
4407,457.14255
4408,4.6744466
4409,405.69443
4410,167.06487
4411,28.829205
4412,276.11484
4413,6.22689
4414,193.97588
4415,264.28156
4416,7.1870484
4417,9.320376
4418,92.17716
4419,219.64195
4420,104.67116
4421,175.68608
4422,20.448828
4423,3.13026
4424,545.489
4425,320.35507
4426,736.3597
4427,103.365746
4428,360.57895
4429,6.459286
4430,200.24773
4431,18.359673
4432,244.68881
4433,134.50697
4434,52.951427
4435,19.913725
4436,21.365572
4437,4.479847
4438,8.377888
4439,145.64684
4440,86.43531
4441,49.829006
4442,435.99237
4443,198.42403
4444,97.40705
4445,597.8602
4446,250.11285
4447,353.7006
4448,289.78406
4449,361.93375
4450,173.26587
4451,157.6756
4452,420.88345
4453,414.21136
4454,540.03723
4455,71.466354
4456,11.832357
4457,80.31592
4458,152.48157
4459,46.699432
4460,8.829839
4461,5.0172157
4462,333.6914
4463,249.27531
4464,215.11276
4465,344.78946
4466,311.99515
4467,4.8383675
4468,532.7175
4469,419.478
4470,536.0845
4471,58.426178
4472,185.78261
4473,192.91005
4474,834.96686
4475,9.0498905
4476,206.0897
4477,293.96426
4478,204.3172
4479,799.77606
4480,79.98881
4481,133.22206
4482,351.22253
4483,7.9401474
4484,3.241152
4485,220.34023
4486,185.6692
4487,721.9043
4488,2.1861284
4489,75.97839
4490,288.23727
4491,308.65204
4492,345.07254
4493,360.47598
4494,178.44753
4495,66.594925
4496,496.44284
4497,381.4249
4498,5.587282
4499,468.28772
4500,359.80988
4501,77.855705
4502,97.76488
4503,53.900665
4504,257.58508
4505,73.82407
4506,67.29072
4507,45.026455
4508,7.4634833
4509,22.529646
4510,188.52194
4511,37.25504
4512,2.15726
4513,432.43558
4514,340.12042
4515,260.6875
4516,582.88184
4517,143.43259
4518,320.91425
4519,233.67613
4520,87.28368
4521,8.303485
4522,17.52117
4523,359.05093
4524,481.72217
4525,381.78262
4526,41.88313
4527,601.30084
4528,88.84719
4529,319.8915
4530,14.916711
4531,541.7303
4532,596.1753
4533,569.85333
4534,4.2282968
4535,302.40216
4536,295.5095
4537,406.30536
4538,267.97244
4539,264.34518
4540,14.857943
4541,47.03064
4542,162.26805
4543,24.60885
4544,5.8332834
4545,32.233765
4546,52.526005
4547,389.03323
4548,5.857631
4549,21.246296
4550,176.04251
4551,424.4464
4552,70.991905
4553,142.1559
4554,204.1
4555,686.64734
4556,847.12585
4557,28.031715
4558,261.40347
4559,177.94072
4560,45.960594
4561,392.83832
4562,110.38291
4563,397.83215
4564,294.4686
4565,463.61917
4566,14.7188
4567,469.8515
4568,35.9688
4569,234.56163
4570,183.64195
4571,164.28073
4572,18.163206
4573,182.49564
4574,6.1764197
4575,121.920044
4576,216.87852
4577,42.18556
4578,116.078415
4579,55.118454
4580,4.3459525
4581,259.9724
4582,835.9128
4583,176.05501
4584,3.604403
4585,125.34693
4586,49.148243
4587,153.61902
4588,163.04012
4589,54.200665
4590,174.74652
4591,53.910404
4592,605.6253
4593,130.15971
4594,122.34257
4595,546.1177
4596,433.67038
4597,49.524467
4598,106.97066
4599,486.77017
4600,372.97018
4601,5.411686
4602,98.76707
4603,8.196321
4604,459.07254
4605,19.457558
4606,117.852356
4607,286.60013
4608,243.98047
4609,365.10025
4610,60.660652
4611,213.14845
4612,251.35567
4613,181.37077
4614,57.409657
4615,130.71811
4616,27.633204
4617,38.58969
4618,15.196088
4619,51.08976
4620,135.76418
4621,160.00041
4622,170.00427
4623,96.95519
4624,195.50688
4625,260.78192
4626,94.81547
4627,206.2784
4628,271.58383
4629,132.12874
4630,5.4788237
4631,58.99704
4632,294.44824
4633,334.9273
4634,135.5998
4635,373.72464
4636,38.74931
4637,8.835826
4638,38.49525
4639,89.39739
4640,208.01309
4641,212.72675
4642,250.3392
4643,9.229893
4644,183.66635
4645,325.42657
4646,506.06955
4647,48.26695
4648,609.3467
4649,138.35628
4650,414.58035
4651,4.933128
4652,276.88184
4653,261.26355
4654,73.583046
4655,52.262547
4656,122.54183
4657,329.9567
4658,4.1741886
4659,73.025185
4660,94.518684
4661,21.581474
4662,171.87436
4663,1.9948857
4664,190.82936
4665,177.48384
4666,4.5465226
4667,117.245705
4668,570.089
4669,145.10048
4670,185.84114
4671,124.395836
4672,54.91565
4673,15.513261
4674,101.27188
4675,38.55948
4676,6.3704944
4677,428.86356
4678,670.8465
4679,145.91763
4680,304.02466
4681,105.239716
4682,177.74236
4683,282.77335
4684,68.64723
4685,3.0490918
4686,248.20526
4687,494.9875
4688,323.608
4689,76.59636
4690,282.22714
4691,98.89091
4692,590.2311
4693,132.4213
4694,116.28893
4695,2.0694711
4696,226.21019
4697,18.017847
4698,23.345903
4699,211.33374
4700,324.0798
4701,98.82091
4702,372.29224
4703,73.550934
4704,29.704424
4705,8.76069
4706,123.596634
4707,421.2758
4708,271.92847
4709,6.4556327
4710,44.871346
4711,20.583881
4712,242.31973
4713,290.26938
4714,260.4361
4715,39.56502
4716,409.96664
4717,349.55057
4718,15.947421
4719,211.7456
4720,177.77159
4721,464.72607
4722,1.7278655
4723,237.96687
4724,412.45786
4725,229.3957
4726,121.006996
4727,30.899357
4728,22.772438
4729,155.39935
4730,56.860706
4731,34.65801
4732,548.39856
4733,7.5702577
4734,72.97987
4735,176.48096
4736,155.35385
4737,381.85916
4738,80.58757
4739,161.20253
4740,444.6569
4741,336.5095
4742,441.9392
4743,12.150491
4744,204.8015
4745,24.016068
4746,111.122
4747,369.9293
4748,28.27323
4749,268.82492
4750,5.1979895
4751,249.21529
4752,46.283897
4753,118.09167
4754,349.36575
4755,14.835328
4756,456.06516
4757,176.90053
4758,276.3288
4759,360.60962
4760,128.70543
4761,164.68718
4762,5.4698567
4763,36.539024
4764,247.9958
4765,106.425644
4766,30.578175
4767,171.0542
4768,6.384415
4769,207.59377
4770,9.709338
4771,188.6487
4772,199.2943
4773,106.93723
4774,131.0944
4775,101.36635
4776,55.532417
4777,280.76147
4778,185.23633
4779,139.25441
4780,73.103874
4781,507.44934
4782,36.728893
4783,2.5572503
4784,118.85517
4785,198.72264
4786,158.44072
4787,399.4814
4788,459.02844
4789,445.77078
4790,29.68872
4791,365.73627
4792,44.6111
4793,49.53599
4794,315.91064
4795,68.00234
4796,22.3032
4797,532.2332
4798,185.16734
4799,673.52405
4800,353.99396
4801,371.4131
4802,209.99153
4803,429.75012
4804,10.775318
4805,61.86555
4806,44.81306
4807,48.03851
4808,461.50458
4809,70.966225
4810,572.051
4811,206.96082
4812,214.13908
4813,208.00635
4814,124.82554
4815,6.7972794
4816,193.32431
4817,39.55253
4818,147.45998
4819,452.90033
4820,384.70682
4821,98.15536
4822,26.642591
4823,70.824486
4824,44.339264
4825,39.897312
4826,64.10974
4827,338.15042
4828,52.74826
4829,114.14203
4830,113.32442
4831,177.42386
4832,6.4625616
4833,57.35483
4834,235.30489
4835,215.57133
4836,466.50537
4837,385.82465
4838,223.80746
4839,75.82081
4840,35.204742
4841,106.96289
4842,292.1516
4843,130.43962
4844,140.61716
4845,676.4806
4846,444.0294
4847,251.31596
4848,325.91565
4849,264.88864
4850,110.00737
4851,9.620599
4852,174.07944
4853,107.13202
4854,180.04219
4855,123.95403
4856,5.377515
4857,10.437356
4858,45.133076
4859,59.645573
4860,324.47818
4861,7.0915966
4862,70.711754
4863,273.18512
4864,2.2405846
4865,78.495056
4866,126.28157
4867,32.07013
4868,221.50824
4869,144.95967
4870,48.017563
4871,161.93236
4872,264.73737
4873,4.2859597
4874,693.0459
4875,2.426556
4876,2.83832
4877,17.166819
4878,12.143941
4879,26.913774
4880,88.445175
4881,5.358442
4882,34.188736
4883,446.07318
4884,95.95922
4885,250.08734
4886,72.44369
4887,15.59824
4888,65.160995
4889,354.1592
4890,282.88107
4891,7.618247
4892,127.97674
4893,47.131268
4894,181.55379
4895,287.41898
4896,4.8373523
4897,7.6658907
4898,72.46596
4899,184.99643
4900,68.619934
4901,107.69189
4902,28.44358
4903,22.937243
4904,240.86633
4905,209.54697
4906,67.49219
4907,2.781893
4908,332.2561
4909,9.2776575
4910,4.0125446
4911,41.969036
4912,3.8781846
4913,7.377879
4914,567.2242
4915,209.81575
4916,257.21405
4917,403.40622
4918,61.873474
4919,122.589874
4920,233.88503
4921,21.758856
4922,171.98758
4923,42.784363
4924,184.63918
4925,146.6199
4926,8.492395
4927,105.07957
4928,113.16315
4929,55.109592
4930,41.562294
4931,217.33817
4932,772.5687
4933,141.60648
4934,411.2574
4935,59.20126
4936,449.6185
4937,223.515
4938,110.537224
4939,197.3275
4940,402.85202
4941,620.85046
4942,26.094027
4943,211.5001
4944,566.96643
4945,87.2129
4946,454.00558
4947,236.5716
4948,521.0851
4949,292.68433
4950,14.874495
4951,130.12115
4952,805.79596
4953,3.0733912
4954,367.8003
4955,275.9098
4956,611.50433
4957,166.82706
4958,172.71368
4959,298.36987
4960,11.756363
4961,36.02298
4962,33.2737
4963,3.953186
4964,11.801035
4965,119.84463
4966,8.190191
4967,369.64825
4968,17.466091
4969,213.20705
4970,282.35504
4971,178.56744
4972,8.173198
4973,229.20511
4974,78.946526
4975,3.057461
4976,180.02643
4977,73.029366
4978,7.2407393
4979,86.66442
4980,213.23334
4981,180.85338
4982,439.1792
4983,168.10132
4984,9.26509
4985,138.89845
4986,482.7649
4987,459.46033
4988,237.51137
4989,242.79753
4990,99.40968
4991,309.91037
4992,300.47314
4993,176.7591
4994,20.538778
4995,155.50185
4996,2.7253797
4997,640.7086
4998,103.81406
4999,203.74275
5000,13.721704
5001,7.351423
5002,172.07413
5003,71.56282
5004,129.31708
5005,125.74774
5006,19.829332
5007,513.163
5008,17.200329
5009,517.61975
5010,13.898007
5011,167.13191
5012,547.62726
5013,71.02544
5014,450.77124
5015,370.27374
5016,339.21732
5017,144.37181
5018,213.65509
5019,247.09663
5020,213.63522
5021,639.9525
5022,180.09045
5023,308.4343
5024,44.427746
5025,9.603531
5026,225.66982
5027,177.47455
5028,251.1702
5029,373.0477
5030,476.39145
5031,3.0244927
5032,50.52533
5033,298.55676
5034,141.55836
5035,182.37631
5036,7.248801
5037,35.90137
5038,42.414722
5039,697.29254
5040,92.23442
5041,24.287424
5042,609.20483
5043,25.947235
5044,45.573208
5045,388.6302
5046,55.99721
5047,165.2262
5048,197.36316
5049,247.74669
5050,5.6044354
5051,68.11496
5052,24.163843
5053,335.8633
5054,60.00934
5055,328.27377
5056,133.39252
5057,47.0304
5058,50.125908
5059,7.3620706
5060,506.53336
5061,7.3283935
5062,44.036903
5063,56.22665
5064,310.40997
5065,72.890785
5066,225.84581
5067,14.007609
5068,55.04725
5069,154.25734
5070,4.4068475
5071,144.55527
5072,19.298534
5073,8.473686
5074,362.05835
5075,243.11217
5076,51.151134
5077,163.09157
5078,337.7099
5079,17.654997
5080,190.27098
5081,121.65908
5082,161.75978
5083,168.85768
5084,51.431446
5085,7.6135426
5086,615.58496
5087,285.65143
5088,164.64897
5089,388.07227
5090,170.9125
5091,364.41602
5092,259.2435
5093,109.93583
5094,445.57034
5095,364.2411
5096,180.65259
5097,82.67517
5098,54.20593
5099,737.7609
5100,171.85211
5101,275.18243
5102,5.6118317
5103,190.75966
5104,124.2177
5105,6.78942
5106,119.61003
5107,413.38907
5108,229.27437
5109,726.99774
5110,349.0572
5111,290.65002
5112,6.9116907
5113,33.867805
5114,13.571004
5115,125.35067
5116,449.05243
5117,213.70868
5118,72.60058
5119,132.04337
5120,77.64196
5121,233.50429
5122,66.72431
5123,128.31914
5124,156.27821
5125,21.824928
5126,94.83774
5127,39.18038
5128,557.32513
5129,75.230095
5130,140.82533
5131,113.898796
5132,90.96093
5133,43.71726
5134,565.3572
5135,361.7094
5136,8.5469055
5137,515.05505
5138,371.0399
5139,171.36746
5140,137.97655
5141,192.2657
5142,105.813866
5143,411.14517
5144,31.35141
5145,263.90744
5146,157.97865
5147,66.842865
5148,64.00217
5149,465.15027
5150,149.88383
5151,21.946007
5152,12.66069
5153,66.26632
5154,294.78867
5155,7.4373217
5156,422.70547
5157,73.365776
5158,126.30902
5159,103.22119
5160,10.460366
5161,320.46854
5162,215.27548
5163,3.8805804
5164,10.200618
5165,423.923
5166,600.7439
5167,7.927032
5168,108.33805
5169,515.122
5170,367.55905
5171,287.30087
5172,317.46106
5173,12.946988
5174,255.4698
5175,63.390404
5176,863.83887
5177,240.52644
5178,87.27003
5179,99.327866
5180,37.22709
5181,140.67949
5182,429.2958
5183,77.28968
5184,14.373439
5185,135.03127
5186,44.981033
5187,37.21048
5188,251.77832
5189,383.09253
5190,600.5311
5191,274.41568
5192,105.48808
5193,166.18895
5194,149.82642
5195,591.81415
5196,267.88315
5197,154.96176
5198,122.42422
5199,108.51652
5200,186.06995
5201,54.974236
5202,447.28445
5203,8.748869
5204,4.1814747
5205,23.47575
5206,295.15744
5207,284.43915
5208,6.144628
5209,225.98152
5210,42.52263
5211,5.101107
5212,512.8708
5213,708.18744
